날짜,순위,팀명,경기,승,패,무,승률,게임차,최근10경기,연속,홈,방문
2025.05.20,1,LG,47,31,16,0,0.660,0,8승0무2패,2승,18-0-7,13-0-9
2025.05.20,2,한화,47,29,18,0,0.617,2,5승0무5패,1승,15-0-10,14-0-8
2025.05.20,3,롯데,49,28,19,2,0.596,3,6승1무3패,1패,13-1-10,15-1-9
2025.05.20,4,SSG,46,23,22,1,0.511,7,7승0무3패,3승,13-1-11,10-0-11
2025.05.20,5,KIA,45,22,23,0,0.489,8,6승0무4패,1패,14-0-11,8-0-12
2025.05.20,5,KT,48,22,23,3,0.489,8,4승1무5패,1승,12-1-12,10-2-11
2025.05.20,7,NC,43,20,22,1,0.476,8.5,5승1무4패,1패,3-0-6,17-1-16
2025.05.20,8,삼성,48,22,25,1,0.468,9,3승0무7패,1승,16-0-12,6-1-13
2025.05.20,9,두산,47,19,26,2,0.422,11,3승1무6패,4패,8-2-14,11-0-12
2025.05.20,10,키움,50,14,36,0,0.280,18.5,1승0무9패,2패,7-0-18,7-0-18
2025.05.18,1,LG,46,30,16,0,0.652,0,7승0무3패,1승,18-0-7,12-0-9
2025.05.18,2,롯데,48,28,18,2,0.609,2,7승1무2패,3승,13-1-9,15-1-9
2025.05.18,2,한화,46,28,18,0,0.609,2,5승0무5패,2패,15-0-10,13-0-8
2025.05.18,4,KIA,44,22,22,0,0.500,7,6승0무4패,4승,14-0-11,8-0-11
2025.05.18,4,SSG,45,22,22,1,0.500,7,6승0무4패,2승,13-1-11,9-0-11
2025.05.18,6,NC,42,20,21,1,0.488,7.5,6승1무3패,1승,3-0-5,17-1-16
2025.05.18,7,KT,47,21,23,3,0.477,8,3승1무6패,1패,11-1-12,10-2-11
2025.05.18,8,삼성,47,21,25,1,0.457,9,2승0무8패,3패,16-0-12,5-1-13
2025.05.18,9,두산,46,19,25,2,0.432,10,4승1무5패,3패,8-2-13,11-0-12
2025.05.18,10,키움,49,14,35,0,0.286,17.5,2승0무8패,1패,7-0-17,7-0-18
2025.05.17,1,LG,45,29,16,0,0.644,0,7승0무3패,2패,17-0-7,12-0-9
2025.05.17,2,한화,45,28,17,0,0.622,1,6승0무4패,1패,15-0-9,13-0-8
2025.05.17,3,롯데,47,27,18,2,0.600,2,7승1무2패,2승,12-1-9,15-1-9
2025.05.17,4,KIA,43,21,22,0,0.488,7,6승0무4패,3승,13-0-11,8-0-11
2025.05.17,4,KT,46,21,22,3,0.488,7,3승1무6패,2승,11-1-12,10-2-10
2025.05.17,4,SSG,44,21,22,1,0.488,7,5승0무5패,1승,13-1-11,8-0-11
2025.05.17,7,NC,41,19,21,1,0.475,7.5,6승1무3패,1패,2-0-5,17-1-16
2025.05.17,8,삼성,46,21,24,1,0.467,8,2승0무8패,2패,16-0-12,5-1-12
2025.05.17,9,두산,45,19,24,2,0.442,9,4승1무5패,2패,8-2-13,11-0-11
2025.05.17,10,키움,48,14,34,0,0.292,16.5,2승0무8패,1승,7-0-17,7-0-17
2025.05.15,1,LG,43,29,14,0,0.674,0,8승0무2패,6승,17-0-5,12-0-9
2025.05.15,2,한화,43,27,16,0,0.628,2,7승0무3패,3패,14-0-8,13-0-8
2025.05.15,3,롯데,45,25,18,2,0.581,4,5승1무4패,1패,10-1-9,15-1-9
2025.05.15,4,삼성,44,21,22,1,0.488,8,2승0무8패,1승,16-0-12,5-1-10
2025.05.15,5,SSG,42,20,21,1,0.488,8,5승0무5패,1승,13-1-11,7-0-10
2025.05.15,6,NC,39,18,20,1,0.474,8.5,7승1무2패,1패,1-0-4,17-1-16
2025.05.15,7,KIA,41,19,22,0,0.463,9,5승0무5패,1승,11-0-11,8-0-11
2025.05.15,7,두산,43,19,22,2,0.463,9,6승1무3패,3승,8-2-13,11-0-9
2025.05.15,7,KT,44,19,22,3,0.463,9,2승1무7패,1패,11-1-12,8-2-10
2025.05.15,10,키움,46,13,33,0,0.283,17.5,1승0무9패,6패,7-0-17,6-0-16
2025.05.14,1,LG,42,28,14,0,0.667,0,8승0무2패,5승,16-0-5,12-0-9
2025.05.14,2,한화,42,27,15,0,0.643,1,8승0무2패,2패,14-0-7,13-0-8
2025.05.14,3,롯데,44,25,17,2,0.595,3,5승1무4패,1승,10-1-9,15-1-8
2025.05.14,4,NC,38,18,19,1,0.486,7.5,8승1무1패,1승,1-0-4,17-1-15
2025.05.14,5,삼성,43,20,22,1,0.476,8,1승0무9패,1패,15-0-12,5-1-10
2025.05.14,6,KT,43,19,21,3,0.475,8,3승1무6패,1승,11-1-12,8-2-9
2025.05.14,6,SSG,41,19,21,1,0.475,8,4승0무6패,1패,12-1-11,7-0-10
2025.05.14,8,KIA,40,18,22,0,0.450,9,4승0무6패,1패,10-0-11,8-0-11
2025.05.14,8,두산,42,18,22,2,0.450,9,6승1무3패,2승,8-2-13,10-0-9
2025.05.14,10,키움,45,13,32,0,0.289,16.5,1승0무9패,5패,7-0-17,6-0-15
2025.05.13,1,LG,41,27,14,0,0.659,0,7승0무3패,4승,15-0-5,12-0-9
2025.05.13,1,한화,41,27,14,0,0.659,0,9승0무1패,1패,14-0-6,13-0-8
2025.05.13,3,롯데,43,24,17,2,0.585,3,5승1무4패,1패,10-1-9,14-1-8
2025.05.13,4,삼성,42,20,21,1,0.488,7,2승0무8패,1승,15-0-11,5-1-10
2025.05.13,5,SSG,40,19,20,1,0.487,7,5승0무5패,3승,12-1-10,7-0-10
2025.05.13,6,NC,37,17,19,1,0.472,7.5,7승1무2패,1패,1-0-4,16-1-15
2025.05.13,7,KIA,39,18,21,0,0.462,8,4승0무6패,1승,10-0-10,8-0-11
2025.05.13,7,KT,42,18,21,3,0.462,8,2승1무7패,6패,11-1-12,7-2-9
2025.05.13,9,두산,41,17,22,2,0.436,9,5승1무4패,1승,8-2-13,9-0-9
2025.05.13,10,키움,44,13,31,0,0.295,15.5,2승0무8패,4패,7-0-17,6-0-14
2025.05.11,1,한화,40,27,13,0,0.675,0,10승0무0패,12승,14-0-5,13-0-8
2025.05.11,2,LG,40,26,14,0,0.650,1,6승0무4패,3승,14-0-5,12-0-9
2025.05.11,3,롯데,42,24,16,2,0.600,3,6승1무3패,4승,10-1-9,14-1-7
2025.05.11,4,NC,36,17,18,1,0.486,7.5,8승1무1패,7승,1-0-4,16-1-14
2025.05.11,5,삼성,41,19,21,1,0.475,8,1승0무9패,8패,14-0-11,5-1-10
2025.05.11,6,KT,41,18,20,3,0.474,8,2승2무6패,5패,11-1-12,7-2-8
2025.05.11,6,SSG,39,18,20,1,0.474,8,5승0무5패,2승,11-1-10,7-0-10
2025.05.11,8,KIA,38,17,21,0,0.447,9,4승0무6패,2패,9-0-10,8-0-11
2025.05.11,9,두산,40,16,22,2,0.421,10,4승2무4패,2패,8-2-13,8-0-9
2025.05.11,10,키움,43,13,30,0,0.302,15.5,2승0무8패,3패,7-0-17,6-0-13
2025.05.10,1,한화,39,26,13,0,0.667,0,10승0무0패,11승,14-0-5,12-0-8
2025.05.10,2,LG,39,25,14,0,0.641,1,5승0무5패,2승,14-0-5,11-0-9
2025.05.10,3,롯데,40,23,16,1,0.590,3,7승0무3패,3승,10-1-9,13-0-7
2025.05.10,4,삼성,40,19,20,1,0.487,7,1승1무8패,7패,14-0-10,5-1-10
2025.05.10,5,KT,39,18,19,2,0.486,7,4승1무5패,4패,11-0-11,7-2-8
2025.05.10,6,KIA,36,17,19,0,0.472,7.5,6승0무4패,1승,9-0-10,8-0-9
2025.05.10,7,NC,34,15,18,1,0.455,8,6승1무3패,5승,1-0-4,14-1-14
2025.05.10,8,두산,38,16,20,2,0.444,8.5,4승2무4패,1승,8-2-11,8-0-9
2025.05.10,8,SSG,37,16,20,1,0.444,8.5,3승1무6패,3패,9-1-10,7-0-10
2025.05.10,10,키움,42,13,29,0,0.310,14.5,2승0무8패,2패,7-0-16,6-0-13
2025.05.09,1,한화,38,25,13,0,0.658,0,10승0무0패,10승,14-0-5,11-0-8
2025.05.09,2,LG,37,23,14,0,0.622,1.5,3승0무7패,1패,14-0-5,9-0-9
2025.05.09,3,롯데,39,22,16,1,0.579,3,6승0무4패,2승,10-1-9,12-0-7
2025.05.09,4,삼성,38,19,18,1,0.514,5.5,3승1무6패,5패,14-0-8,5-1-10
2025.05.09,5,KT,38,18,18,2,0.500,6,4승1무5패,3패,11-0-10,7-2-8
2025.05.09,6,KIA,35,16,19,0,0.457,7.5,5승0무5패,1패,9-0-10,7-0-9
2025.05.09,6,SSG,36,16,19,1,0.457,7.5,3승1무6패,2패,9-1-9,7-0-10
2025.05.09,8,NC,33,15,18,0,0.455,7.5,6승0무4패,5승,1-0-4,14-0-14
2025.05.09,9,두산,37,16,20,1,0.444,8,5승1무4패,1승,8-1-11,8-0-9
2025.05.09,10,키움,41,13,28,0,0.317,13.5,2승0무8패,1패,7-0-15,6-0-13
2025.05.07,1,한화,37,24,13,0,0.649,0,9승0무1패,9승,14-0-5,10-0-8
2025.05.07,2,LG,37,23,14,0,0.622,1,3승0무7패,1패,14-0-5,9-0-9
2025.05.07,3,롯데,39,22,16,1,0.579,2.5,6승0무4패,2승,10-1-9,12-0-7
2025.05.07,4,삼성,38,19,18,1,0.514,5,3승1무6패,5패,14-0-8,5-1-10
2025.05.07,5,KT,38,18,18,2,0.500,5.5,4승1무5패,3패,11-0-10,7-2-8
2025.05.07,6,KIA,35,16,19,0,0.457,7,5승0무5패,1패,9-0-10,7-0-9
2025.05.07,6,SSG,36,16,19,1,0.457,7,3승1무6패,2패,9-1-9,7-0-10
2025.05.07,8,NC,33,15,18,0,0.455,7,6승0무4패,5승,1-0-4,14-0-14
2025.05.07,9,두산,37,16,20,1,0.444,7.5,5승1무4패,1승,8-1-11,8-0-9
2025.05.07,10,키움,40,13,27,0,0.325,12.5,3승0무7패,1승,7-0-14,6-0-13
2025.05.06,1,LG,36,23,13,0,0.639,0,4승0무6패,1승,14-0-5,9-0-8
2025.05.06,1,한화,36,23,13,0,0.639,0,8승0무2패,8승,13-0-5,10-0-8
2025.05.06,3,롯데,38,21,16,1,0.568,2.5,6승0무4패,1승,9-1-9,12-0-7
2025.05.06,4,삼성,37,19,17,1,0.528,4,4승1무5패,4패,14-0-8,5-1-9
2025.05.06,5,KT,37,18,17,2,0.514,4.5,4승1무5패,2패,11-0-9,7-2-8
2025.05.06,6,KIA,34,16,18,0,0.471,6,5승0무5패,2승,9-0-10,7-0-8
2025.05.06,6,SSG,35,16,18,1,0.471,6,3승1무6패,1패,9-1-9,7-0-9
2025.05.06,8,NC,32,14,18,0,0.438,7,5승0무5패,4승,1-0-4,13-0-14
2025.05.06,9,두산,36,15,20,1,0.429,7.5,4승1무5패,1패,7-1-11,8-0-9
2025.05.06,10,키움,39,12,27,0,0.308,12.5,3승0무7패,4패,6-0-14,6-0-13
2025.05.05,1,LG,35,22,13,0,0.629,0,3승0무7패,1패,14-0-5,8-0-8
2025.05.05,1,한화,35,22,13,0,0.629,0,8승0무2패,7승,12-0-5,10-0-8
2025.05.05,3,롯데,37,20,16,1,0.556,2.5,6승0무4패,3패,8-1-9,12-0-7
2025.05.05,4,삼성,36,19,16,1,0.543,3,5승1무4패,3패,14-0-8,5-1-8
2025.05.05,5,KT,36,18,16,2,0.529,3.5,5승1무4패,1패,11-0-8,7-2-8
2025.05.05,6,SSG,34,16,17,1,0.485,5,4승1무5패,1승,9-1-9,7-0-8
2025.05.05,7,KIA,33,15,18,0,0.455,6,4승0무6패,1승,9-0-10,6-0-8
2025.05.05,8,두산,35,15,19,1,0.441,6.5,4승1무5패,3승,7-1-10,8-0-9
2025.05.05,9,NC,31,13,18,0,0.419,7,5승0무5패,3승,1-0-4,12-0-14
2025.05.05,10,키움,38,12,26,0,0.316,11.5,3승0무7패,3패,6-0-13,6-0-13
2025.05.04,1,LG,34,22,12,0,0.647,0,4승0무6패,2승,14-0-5,8-0-7
2025.05.04,2,한화,34,21,13,0,0.618,1,8승0무2패,6승,11-0-5,10-0-8
2025.05.04,3,롯데,36,20,15,1,0.571,2.5,7승0무3패,2패,8-1-8,12-0-7
2025.05.04,4,삼성,35,19,15,1,0.559,3,6승1무3패,2패,14-0-8,5-1-7
2025.05.04,5,KT,35,18,15,2,0.545,3.5,5승1무4패,2승,11-0-7,7-2-8
2025.05.04,6,SSG,33,15,17,1,0.469,6,4승1무5패,2패,9-1-9,6-0-8
2025.05.04,7,KIA,32,14,18,0,0.438,7,4승0무6패,3패,9-0-10,5-0-8
2025.05.04,8,두산,34,14,19,1,0.424,7.5,4승1무5패,2승,6-1-10,8-0-9
2025.05.04,9,NC,30,12,18,0,0.400,8,4승0무6패,2승,1-0-4,11-0-14
2025.05.04,10,키움,37,12,25,0,0.324,11.5,3승0무7패,2패,6-0-12,6-0-13
2025.05.03,1,LG,33,21,12,0,0.636,0,3승0무7패,1승,13-0-5,8-0-7
2025.05.03,2,한화,33,20,13,0,0.606,1,8승0무2패,5승,11-0-5,9-0-8
2025.05.03,3,롯데,35,20,14,1,0.588,1.5,7승0무3패,1패,8-1-7,12-0-7
2025.05.03,4,삼성,34,19,14,1,0.576,2,7승1무2패,1패,14-0-7,5-1-7
2025.05.03,5,KT,34,17,15,2,0.531,3.5,4승1무5패,1승,10-0-7,7-2-8
2025.05.03,6,SSG,32,15,16,1,0.484,5,5승1무4패,1패,9-1-9,6-0-7
2025.05.03,7,KIA,31,14,17,0,0.452,6,5승0무5패,2패,9-0-9,5-0-8
2025.05.03,8,두산,33,13,19,1,0.406,7.5,4승1무5패,1승,6-1-10,7-0-9
2025.05.03,9,NC,29,11,18,0,0.379,8,4승0무6패,1승,1-0-4,10-0-14
2025.05.03,10,키움,36,12,24,0,0.333,10.5,3승0무7패,1패,6-0-12,6-0-12
2025.05.02,1,LG,32,20,12,0,0.625,0,2승0무8패,5패,12-0-5,8-0-7
2025.05.02,2,롯데,34,20,13,1,0.606,0.5,8승0무2패,4승,8-1-6,12-0-7
2025.05.02,2,한화,33,20,13,0,0.606,0.5,8승0무2패,5승,11-0-5,9-0-8
2025.05.02,4,삼성,33,19,13,1,0.594,1,7승1무2패,1승,14-0-6,5-1-7
2025.05.02,5,KT,33,16,15,2,0.516,3.5,4승1무5패,1패,9-0-7,7-2-8
2025.05.02,6,SSG,31,15,15,1,0.500,4,5승1무4패,2승,9-1-9,6-0-6
2025.05.02,7,KIA,31,14,17,0,0.452,5.5,5승0무5패,2패,9-0-9,5-0-8
2025.05.02,8,두산,32,12,19,1,0.387,7.5,3승1무6패,3패,6-1-10,6-0-9
2025.05.02,9,NC,28,10,18,0,0.357,8,3승0무7패,1패,1-0-4,9-0-14
2025.05.02,10,키움,35,12,23,0,0.343,9.5,4승0무6패,1승,6-0-12,6-0-11
2025.05.01,1,LG,31,20,11,0,0.645,0,3승0무7패,4패,12-0-4,8-0-7
2025.05.01,2,롯데,33,19,13,1,0.594,1.5,7승0무3패,3승,7-1-6,12-0-7
2025.05.01,2,한화,32,19,13,0,0.594,1.5,8승0무2패,4승,11-0-5,8-0-8
2025.05.01,4,삼성,32,18,13,1,0.581,2,7승1무2패,1패,13-0-6,5-1-7
2025.05.01,5,KT,32,16,14,2,0.533,3.5,5승1무4패,2승,9-0-6,7-2-8
2025.05.01,6,SSG,30,14,15,1,0.483,5,5승1무4패,1승,9-1-9,5-0-6
2025.05.01,7,KIA,30,14,16,0,0.467,5.5,5승0무5패,1패,9-0-8,5-0-8
2025.05.01,8,두산,31,12,18,1,0.400,7.5,3승1무6패,2패,6-1-10,6-0-8
2025.05.01,9,NC,27,10,17,0,0.370,8,3승0무7패,1승,1-0-4,9-0-13
2025.05.01,10,키움,34,11,23,0,0.324,10.5,3승0무7패,3패,6-0-12,5-0-11
2025.04.30,1,LG,31,20,11,0,0.645,0,3승0무7패,4패,12-0-4,8-0-7
2025.04.30,2,삼성,31,18,12,1,0.600,1.5,7승1무2패,6승,13-0-6,5-1-6
2025.04.30,3,한화,32,19,13,0,0.594,1.5,8승0무2패,4승,11-0-5,8-0-8
2025.04.30,4,롯데,32,18,13,1,0.581,2,7승0무3패,2승,7-1-6,11-0-7
2025.04.30,5,KT,31,16,14,1,0.533,3.5,6승0무4패,2승,9-0-6,7-1-8
2025.04.30,6,KIA,30,14,16,0,0.467,5.5,5승0무5패,1패,9-0-8,5-0-8
2025.04.30,7,SSG,29,13,15,1,0.464,5.5,4승1무5패,3패,8-1-9,5-0-6
2025.04.30,8,두산,30,12,18,0,0.400,7.5,3승0무7패,2패,6-0-10,6-0-8
2025.04.30,9,NC,27,10,17,0,0.370,8,3승0무7패,1승,1-0-4,9-0-13
2025.04.30,10,키움,33,11,22,0,0.333,10,3승0무7패,2패,6-0-11,5-0-11
2025.04.29,1,LG,30,20,10,0,0.667,0,4승0무6패,3패,12-0-4,8-0-6
2025.04.29,2,삼성,30,18,12,0,0.600,2,8승0무2패,6승,13-0-6,5-0-6
2025.04.29,3,한화,31,18,13,0,0.581,2.5,8승0무2패,3승,10-0-5,8-0-8
2025.04.29,4,롯데,31,17,13,1,0.567,3,7승0무3패,1승,7-1-6,10-0-7
2025.04.29,5,KT,30,15,14,1,0.517,4.5,5승0무5패,1승,9-0-6,6-1-8
2025.04.29,6,KIA,29,14,15,0,0.483,5.5,6승0무4패,3승,9-0-7,5-0-8
2025.04.29,7,SSG,28,13,15,0,0.464,6,4승0무6패,3패,8-0-9,5-0-6
2025.04.29,8,두산,29,12,17,0,0.414,7.5,4승0무6패,1패,6-0-9,6-0-8
2025.04.29,9,NC,26,9,17,0,0.346,9,2승0무8패,4패,1-0-4,8-0-13
2025.04.29,10,키움,32,11,21,0,0.344,10,4승0무6패,1패,6-0-10,5-0-11
2025.04.27,1,LG,29,20,9,0,0.690,0,4승0무6패,2패,12-0-4,8-0-5
2025.04.27,2,삼성,29,17,12,0,0.586,3,7승0무3패,5승,13-0-6,4-0-6
2025.04.27,3,한화,30,17,13,0,0.567,3.5,8승0무2패,2승,9-0-5,8-0-8
2025.04.27,4,롯데,30,16,13,1,0.552,4,7승0무3패,1패,7-1-6,9-0-7
2025.04.27,5,KT,29,14,14,1,0.500,5.5,4승0무6패,2패,9-0-6,5-1-8
2025.04.27,6,SSG,27,13,14,0,0.481,6,4승0무6패,2패,8-0-8,5-0-6
2025.04.27,7,KIA,28,13,15,0,0.464,6.5,5승0무5패,2승,8-0-7,5-0-8
2025.04.27,8,두산,28,12,16,0,0.429,7.5,5승0무5패,1승,6-0-8,6-0-8
2025.04.27,9,NC,25,9,16,0,0.360,9,3승0무7패,3패,1-0-4,8-0-12
2025.04.27,10,키움,31,11,20,0,0.355,10,4승0무6패,2승,6-0-9,5-0-11
2025.04.26,1,LG,28,20,8,0,0.714,0,5승0무5패,1패,12-0-4,8-0-4
2025.04.26,2,삼성,28,16,12,0,0.571,4,6승0무4패,4승,12-0-6,4-0-6
2025.04.26,2,롯데,29,16,12,1,0.571,4,8승0무2패,3승,7-1-6,9-0-6
2025.04.26,4,한화,29,16,13,0,0.552,4.5,8승0무2패,1승,8-0-5,8-0-8
2025.04.26,5,KT,28,14,13,1,0.519,5.5,5승0무5패,1패,9-0-6,5-1-7
2025.04.26,6,SSG,26,13,13,0,0.500,6,4승0무6패,1패,8-0-7,5-0-6
2025.04.26,7,KIA,27,12,15,0,0.444,7.5,5승0무5패,1승,7-0-7,5-0-8
2025.04.26,8,두산,27,11,16,0,0.407,8.5,4승0무6패,2패,5-0-8,6-0-8
2025.04.26,9,NC,24,9,15,0,0.375,9,3승0무7패,2패,1-0-4,8-0-11
2025.04.26,10,키움,30,10,20,0,0.333,11,3승0무7패,1승,6-0-9,4-0-11
2025.04.25,1,LG,27,20,7,0,0.741,0,6승0무4패,1승,12-0-4,8-0-3
2025.04.25,2,삼성,27,15,12,0,0.556,5,5승0무5패,3승,11-0-6,4-0-6
2025.04.25,2,롯데,28,15,12,1,0.556,5,7승0무3패,2승,7-1-6,8-0-6
2025.04.25,4,KT,27,14,12,1,0.538,5.5,5승0무5패,1승,9-0-6,5-1-6
2025.04.25,5,한화,28,15,13,0,0.536,5.5,8승0무2패,2패,7-0-5,8-0-8
2025.04.25,6,SSG,25,13,12,0,0.520,6,4승0무6패,3승,8-0-6,5-0-6
2025.04.25,7,KIA,26,11,15,0,0.423,8.5,5승0무5패,3패,6-0-7,5-0-8
2025.04.25,7,두산,26,11,15,0,0.423,8.5,4승0무6패,1패,5-0-7,6-0-8
2025.04.25,9,NC,23,9,14,0,0.391,9,3승0무7패,1패,1-0-4,8-0-10
2025.04.25,10,키움,29,9,20,0,0.310,12,2승0무8패,3패,6-0-9,3-0-11
2025.04.24,1,LG,26,19,7,0,0.731,0,5승0무5패,1패,12-0-4,7-0-3
2025.04.24,2,한화,27,15,12,0,0.556,4.5,8승0무2패,1패,7-0-4,8-0-8
2025.04.24,3,삼성,26,14,12,0,0.538,5,4승0무6패,2승,10-0-6,4-0-6
2025.04.24,3,롯데,27,14,12,1,0.538,5,7승0무3패,1승,7-1-6,7-0-6
2025.04.24,5,KT,26,13,12,1,0.520,5.5,5승0무5패,2패,9-0-6,4-1-6
2025.04.24,6,SSG,24,12,12,0,0.500,6,3승0무7패,2승,7-0-6,5-0-6
2025.04.24,7,KIA,25,11,14,0,0.440,7.5,5승0무5패,2패,6-0-6,5-0-8
2025.04.24,7,두산,25,11,14,0,0.440,7.5,4승0무6패,2승,5-0-6,6-0-8
2025.04.24,9,NC,22,9,13,0,0.409,8,4승0무6패,1승,1-0-4,8-0-9
2025.04.24,10,키움,28,9,19,0,0.321,11,2승0무8패,2패,6-0-9,3-0-10
2025.04.23,1,LG,25,19,6,0,0.760,0,6승0무4패,1승,12-0-3,7-0-3
2025.04.23,2,한화,26,15,11,0,0.577,4.5,9승0무1패,8승,7-0-4,8-0-7
2025.04.23,3,KT,25,13,11,1,0.542,5.5,6승0무4패,1패,9-0-5,4-1-6
2025.04.23,4,삼성,25,13,12,0,0.520,6,4승0무6패,1승,9-0-6,4-0-6
2025.04.23,4,롯데,26,13,12,1,0.520,6,7승0무3패,1패,6-1-6,7-0-6
2025.04.23,6,SSG,23,11,12,0,0.478,7,3승0무7패,1승,7-0-6,4-0-6
2025.04.23,7,KIA,24,11,13,0,0.458,7.5,5승0무5패,1패,6-0-6,5-0-7
2025.04.23,8,두산,24,10,14,0,0.417,8.5,3승0무7패,1승,5-0-6,5-0-8
2025.04.23,9,NC,21,8,13,0,0.381,9,3승0무7패,1패,1-0-4,7-0-9
2025.04.23,10,키움,27,9,18,0,0.333,11,3승0무7패,1패,6-0-8,3-0-10
2025.04.22,1,LG,24,18,6,0,0.750,0,6승0무4패,2패,11-0-3,7-0-3
2025.04.22,2,KT,24,13,10,1,0.565,4.5,6승0무4패,3승,9-0-4,4-1-6
2025.04.22,3,한화,25,14,11,0,0.560,4.5,9승0무1패,7승,7-0-4,7-0-7
2025.04.22,4,롯데,25,13,11,1,0.542,5,8승0무2패,1승,6-1-5,7-0-6
2025.04.22,5,삼성,24,12,12,0,0.500,6,3승0무7패,1패,8-0-6,4-0-6
2025.04.22,6,KIA,23,11,12,0,0.478,6.5,6승0무4패,2승,6-0-6,5-0-6
2025.04.22,7,SSG,22,10,12,0,0.455,7,2승0무8패,1패,7-0-6,3-0-6
2025.04.22,8,NC,20,8,12,0,0.400,8,3승0무7패,1승,1-0-4,7-0-8
2025.04.22,9,두산,23,9,14,0,0.391,8.5,3승0무7패,3패,5-0-6,4-0-8
2025.04.22,10,키움,26,9,17,0,0.346,10,3승0무7패,1승,6-0-7,3-0-10
2025.04.20,1,LG,23,18,5,0,0.783,0,7승0무3패,1패,11-0-2,7-0-3
2025.04.20,2,한화,25,14,11,0,0.560,5,9승0무1패,7승,7-0-4,7-0-7
2025.04.20,3,KT,23,12,10,1,0.545,5.5,6승0무4패,2승,8-0-4,4-1-6
2025.04.20,4,롯데,25,13,11,1,0.542,5.5,8승0무2패,1승,6-1-5,7-0-6
2025.04.20,5,삼성,24,12,12,0,0.500,6.5,3승0무7패,1패,8-0-6,4-0-6
2025.04.20,6,KIA,23,11,12,0,0.478,7,6승0무4패,2승,6-0-6,5-0-6
2025.04.20,7,SSG,21,10,11,0,0.476,7,3승0무7패,1승,7-0-6,3-0-5
2025.04.20,8,두산,22,9,13,0,0.409,8.5,4승0무6패,2패,5-0-6,4-0-7
2025.04.20,9,NC,19,7,12,0,0.368,9,3승0무7패,3패,1-0-4,6-0-8
2025.04.20,10,키움,25,8,17,0,0.320,11,2승0무8패,2패,5-0-7,3-0-10
2025.04.19,1,LG,22,18,4,0,0.818,0,7승0무3패,2승,11-0-2,7-0-2
2025.04.19,2,한화,24,13,11,0,0.542,6,9승0무1패,6승,6-0-4,7-0-7
2025.04.19,3,KT,22,11,10,1,0.524,6.5,6승0무4패,1승,8-0-4,3-1-6
2025.04.19,4,삼성,23,12,11,0,0.522,6.5,4승0무6패,1승,8-0-5,4-0-6
2025.04.19,4,롯데,24,12,11,1,0.522,6.5,7승0무3패,1패,6-1-5,6-0-6
2025.04.19,6,KIA,22,10,12,0,0.455,8,6승0무4패,1승,6-0-6,4-0-6
2025.04.19,7,SSG,20,9,11,0,0.450,8,2승0무8패,6패,6-0-6,3-0-5
2025.04.19,8,두산,21,9,12,0,0.429,8.5,4승0무6패,1패,5-0-5,4-0-7
2025.04.19,9,NC,18,7,11,0,0.389,9,4승0무6패,2패,1-0-4,6-0-7
2025.04.19,10,키움,24,8,16,0,0.333,11,3승0무7패,1패,5-0-6,3-0-10
2025.04.18,1,LG,21,17,4,0,0.810,0,7승0무3패,1승,11-0-2,6-0-2
2025.04.18,2,롯데,23,12,10,1,0.545,5.5,7승0무3패,4승,6-1-5,6-0-5
2025.04.18,3,한화,23,12,11,0,0.522,6,8승0무2패,5승,5-0-4,7-0-7
2025.04.18,4,삼성,22,11,11,0,0.500,6.5,4승0무6패,1패,7-0-5,4-0-6
2025.04.18,4,KT,21,10,10,1,0.500,6.5,5승0무5패,2패,8-0-4,2-1-6
2025.04.18,6,SSG,19,9,10,0,0.474,7,3승0무7패,5패,6-0-5,3-0-5
2025.04.18,7,두산,20,9,11,0,0.450,7.5,5승0무5패,2승,5-0-4,4-0-7
2025.04.18,8,KIA,21,9,12,0,0.429,8,5승0무5패,1패,6-0-6,3-0-6
2025.04.18,9,NC,17,7,10,0,0.412,8,4승0무6패,1패,1-0-4,6-0-6
2025.04.18,10,키움,23,8,15,0,0.348,10,3승0무7패,1승,5-0-5,3-0-10
2025.04.17,1,LG,20,16,4,0,0.800,0,7승0무3패,1패,11-0-2,5-0-2
2025.04.17,2,KT,20,10,9,1,0.526,5.5,5승0무5패,1패,8-0-4,2-1-5
2025.04.17,3,삼성,21,11,10,0,0.524,5.5,4승0무6패,1승,7-0-4,4-0-6
2025.04.17,3,롯데,22,11,10,1,0.524,5.5,6승0무4패,3승,6-1-5,5-0-5
2025.04.17,5,SSG,18,9,9,0,0.500,6,4승0무6패,4패,6-0-4,3-0-5
2025.04.17,5,한화,22,11,11,0,0.500,6,7승0무3패,4승,4-0-4,7-0-7
2025.04.17,7,KIA,20,9,11,0,0.450,7,5승0무5패,1승,6-0-6,3-0-5
2025.04.17,8,NC,16,7,9,0,0.438,7,4승0무6패,1승,1-0-4,6-0-5
2025.04.17,9,두산,19,8,11,0,0.421,7.5,5승0무5패,1승,4-0-4,4-0-7
2025.04.17,10,키움,22,7,15,0,0.318,10,2승0무8패,4패,4-0-5,3-0-10
2025.04.16,1,LG,19,16,3,0,0.842,0,8승0무2패,2승,11-0-1,5-0-2
2025.04.16,2,KT,19,10,8,1,0.556,5.5,5승0무5패,1승,8-0-4,2-1-4
2025.04.16,3,SSG,17,9,8,0,0.529,6,5승0무5패,3패,6-0-3,3-0-5
2025.04.16,4,삼성,20,10,10,0,0.500,6.5,4승0무6패,4패,7-0-4,3-0-6
2025.04.16,4,롯데,21,10,10,1,0.500,6.5,6승0무4패,2승,5-1-5,5-0-5
2025.04.16,6,한화,21,10,11,0,0.476,7,7승0무3패,3승,4-0-4,6-0-7
2025.04.16,7,NC,16,7,9,0,0.438,7.5,4승0무6패,1승,1-0-4,6-0-5
2025.04.16,8,KIA,19,8,11,0,0.421,8,5승0무5패,1패,5-0-6,3-0-5
2025.04.16,8,두산,19,8,11,0,0.421,8,5승0무5패,1승,4-0-4,4-0-7
2025.04.16,10,키움,21,7,14,0,0.333,10,2승0무8패,3패,4-0-5,3-0-9
2025.04.15,1,LG,18,15,3,0,0.833,0,8승0무2패,1승,10-0-1,5-0-2
2025.04.15,2,SSG,16,9,7,0,0.563,5,5승0무5패,2패,6-0-2,3-0-5
2025.04.15,3,KT,18,9,8,1,0.529,5.5,5승0무5패,1패,8-0-4,1-1-4
2025.04.15,4,삼성,19,10,9,0,0.526,5.5,4승0무6패,3패,7-0-4,3-0-5
2025.04.15,5,롯데,20,9,10,1,0.474,6.5,5승0무5패,1승,4-1-5,5-0-5
2025.04.15,6,한화,20,9,11,0,0.450,7,6승0무4패,2승,4-0-4,5-0-7
2025.04.15,7,KIA,18,8,10,0,0.444,7,5승0무5패,2승,5-0-5,3-0-5
2025.04.15,8,NC,16,7,9,0,0.438,7,4승0무6패,1승,1-0-4,6-0-5
2025.04.15,9,두산,19,8,11,0,0.421,7.5,5승0무5패,1승,4-0-4,4-0-7
2025.04.15,10,키움,20,7,13,0,0.350,9,3승0무7패,2패,4-0-5,3-0-8
2025.04.13,1,LG,17,14,3,0,0.824,0,7승0무3패,1패,9-0-1,5-0-2
2025.04.13,2,SSG,15,9,6,0,0.600,4,5승0무5패,1패,6-0-1,3-0-5
2025.04.13,3,KT,17,9,7,1,0.563,4.5,5승1무4패,2승,8-0-4,1-1-3
2025.04.13,4,삼성,18,10,8,0,0.556,4.5,5승0무5패,2패,7-0-4,3-0-4
2025.04.13,5,롯데,19,8,10,1,0.444,6.5,5승0무5패,1패,3-1-5,5-0-5
2025.04.13,6,NC,16,7,9,0,0.438,6.5,4승0무6패,1승,1-0-4,6-0-5
2025.04.13,7,두산,19,8,11,0,0.421,7,5승0무5패,1승,4-0-4,4-0-7
2025.04.13,7,한화,19,8,11,0,0.421,7,5승0무5패,1승,4-0-4,4-0-7
2025.04.13,9,KIA,17,7,10,0,0.412,7,5승0무5패,1승,4-0-5,3-0-5
2025.04.13,10,키움,19,7,12,0,0.368,8,3승0무7패,1패,4-0-5,3-0-7
2025.04.12,1,LG,16,14,2,0,0.875,0,8승0무2패,3승,9-0-0,5-0-2
2025.04.12,2,SSG,14,9,5,0,0.643,4,6승0무4패,1승,6-0-1,3-0-4
2025.04.12,3,삼성,17,10,7,0,0.588,4.5,6승0무4패,1패,7-0-4,3-0-3
2025.04.12,4,KT,16,8,7,1,0.533,5.5,4승1무5패,1승,7-0-4,1-1-3
2025.04.12,5,롯데,18,8,9,1,0.471,6.5,6승0무4패,3승,3-1-5,5-0-4
2025.04.12,6,NC,15,6,9,0,0.400,7.5,3승0무7패,2패,0-0-4,6-0-5
2025.04.12,7,두산,18,7,11,0,0.389,8,5승0무5패,4패,4-0-4,3-0-7
2025.04.12,7,한화,18,7,11,0,0.389,8,4승0무6패,1패,3-0-4,4-0-7
2025.04.12,7,키움,18,7,11,0,0.389,8,3승0무7패,1승,4-0-5,3-0-6
2025.04.12,10,KIA,16,6,10,0,0.375,8,4승0무6패,2패,3-0-5,3-0-5
2025.04.11,1,LG,15,13,2,0,0.867,0,8승0무2패,2승,8-0-0,5-0-2
2025.04.11,2,SSG,14,9,5,0,0.643,3.5,6승0무4패,1승,6-0-1,3-0-4
2025.04.11,3,삼성,17,10,7,0,0.588,4,6승0무4패,1패,7-0-4,3-0-3
2025.04.11,4,KT,16,8,7,1,0.533,5,4승1무5패,1승,7-0-4,1-1-3
2025.04.11,5,롯데,17,7,9,1,0.438,6.5,5승1무4패,2승,3-1-5,4-0-4
2025.04.11,6,NC,14,6,8,0,0.429,6.5,4승0무6패,1패,0-0-3,6-0-5
2025.04.11,7,두산,17,7,10,0,0.412,7,5승0무5패,3패,4-0-4,3-0-6
2025.04.11,7,한화,17,7,10,0,0.412,7,4승0무6패,3승,3-0-3,4-0-7
2025.04.11,9,KIA,16,6,10,0,0.375,7.5,4승0무6패,2패,3-0-5,3-0-5
2025.04.11,10,키움,17,6,11,0,0.353,8,2승0무8패,2패,4-0-5,2-0-6
2025.04.10,1,LG,14,12,2,0,0.857,0,8승0무2패,1승,7-0-0,5-0-2
2025.04.10,2,삼성,16,10,6,0,0.625,3,7승0무3패,1승,7-0-4,3-0-2
2025.04.10,3,SSG,13,8,5,0,0.615,3.5,6승0무4패,1패,6-0-1,2-0-4
2025.04.10,4,KT,15,7,7,1,0.500,5,4승1무5패,1패,6-0-4,1-1-3
2025.04.10,5,NC,13,6,7,0,0.462,5.5,5승0무5패,1승,0-0-2,6-0-5
2025.04.10,6,두산,16,7,9,0,0.438,6,5승0무5패,2패,4-0-4,3-0-5
2025.04.10,7,KIA,15,6,9,0,0.400,6.5,4승0무6패,1패,3-0-4,3-0-5
2025.04.10,7,롯데,16,6,9,1,0.400,6.5,5승1무4패,1승,3-1-5,3-0-4
2025.04.10,9,한화,16,6,10,0,0.375,7,4승0무6패,2승,2-0-3,4-0-7
2025.04.10,9,키움,16,6,10,0,0.375,7,3승0무7패,1패,4-0-5,2-0-5
2025.04.09,1,LG,13,11,2,0,0.846,0,8승0무2패,1패,7-0-0,4-0-2
2025.04.09,2,SSG,12,8,4,0,0.667,2.5,6승0무4패,1승,6-0-1,2-0-3
2025.04.09,3,삼성,15,9,6,0,0.600,3,6승0무4패,1패,6-0-4,3-0-2
2025.04.09,4,KT,14,7,6,1,0.538,4,5승1무4패,2승,6-0-3,1-1-3
2025.04.09,5,두산,15,7,8,0,0.467,5,6승0무4패,1패,4-0-3,3-0-5
2025.04.09,6,KIA,14,6,8,0,0.429,5.5,4승0무6패,2승,3-0-4,3-0-4
2025.04.09,7,NC,12,5,7,0,0.417,5.5,4승0무6패,2패,0-0-2,5-0-5
2025.04.09,8,키움,15,6,9,0,0.400,6,4승0무6패,1승,4-0-4,2-0-5
2025.04.09,9,롯데,15,5,9,1,0.357,6.5,4승1무5패,3패,2-1-5,3-0-4
2025.04.09,10,한화,15,5,10,0,0.333,7,4승0무6패,1승,2-0-3,3-0-7
2025.04.08,1,LG,12,11,1,0,0.917,0,9승0무1패,4승,7-0-0,4-0-1
2025.04.08,2,삼성,14,9,5,0,0.643,3,6승0무4패,2승,6-0-3,3-0-2
2025.04.08,3,SSG,11,7,4,0,0.636,3.5,6승0무4패,1패,6-0-1,1-0-3
2025.04.08,4,두산,14,7,7,0,0.500,5,6승0무4패,2승,4-0-2,3-0-5
2025.04.08,4,KT,13,6,6,1,0.500,5,4승1무5패,1승,5-0-3,1-1-3
2025.04.08,6,NC,11,5,6,0,0.455,5.5,5승0무5패,1패,0-0-2,5-0-4
2025.04.08,7,KIA,13,5,8,0,0.385,6.5,3승0무7패,1승,3-0-4,2-0-4
2025.04.08,7,롯데,14,5,8,1,0.385,6.5,4승1무5패,2패,2-1-4,3-0-4
2025.04.08,9,키움,14,5,9,0,0.357,7,4승0무6패,3패,3-0-4,2-0-5
2025.04.08,10,한화,14,4,10,0,0.286,8,3승0무7패,2패,2-0-3,2-0-7
2025.04.06,1,LG,11,10,1,0,0.909,0,9승0무1패,3승,7-0-0,3-0-1
2025.04.06,2,SSG,10,7,3,0,0.700,2.5,7승0무3패,3승,6-0-1,1-0-2
2025.04.06,3,삼성,13,8,5,0,0.615,3,5승0무5패,1승,5-0-3,3-0-2
2025.04.06,4,NC,10,5,5,0,0.500,4.5,5승0무5패,2승,0-0-2,5-0-3
2025.04.06,5,두산,13,6,7,0,0.462,5,6승0무4패,1승,3-0-2,3-0-5
2025.04.06,6,KT,12,5,6,1,0.455,5,4승1무5패,3패,4-0-3,1-1-3
2025.04.06,7,롯데,13,5,7,1,0.417,5.5,4승1무5패,1패,2-1-3,3-0-4
2025.04.06,8,키움,13,5,8,0,0.385,6,5승0무5패,2패,3-0-3,2-0-5
2025.04.06,9,KIA,12,4,8,0,0.333,6.5,3승0무7패,2패,3-0-4,1-0-4
2025.04.06,10,한화,13,4,9,0,0.308,7,3승0무7패,1패,2-0-3,2-0-6
2025.04.05,1,LG,10,9,1,0,0.900,0,9승0무1패,2승,6-0-0,3-0-1
2025.04.05,2,SSG,9,6,3,0,0.667,2.5,6승0무3패,2승,5-0-1,1-0-2
2025.04.05,3,삼성,12,7,5,0,0.583,3,5승0무5패,1패,4-0-3,3-0-2
2025.04.05,4,KT,11,5,5,1,0.500,4,5승1무4패,2패,4-0-3,1-1-2
2025.04.05,5,롯데,12,5,6,1,0.455,4.5,5승1무4패,1승,2-1-2,3-0-4
2025.04.05,6,NC,9,4,5,0,0.444,4.5,4승0무5패,1승,0-0-2,4-0-3
2025.04.05,7,두산,12,5,7,0,0.417,5,5승0무5패,1패,3-0-2,2-0-5
2025.04.05,7,키움,12,5,7,0,0.417,5,5승0무5패,1패,3-0-2,2-0-5
2025.04.05,9,KIA,11,4,7,0,0.364,5.5,3승0무7패,1패,3-0-4,1-0-3
2025.04.05,10,한화,12,4,8,0,0.333,6,3승0무7패,1승,2-0-3,2-0-5
2025.04.04,1,LG,10,9,1,0,0.900,0,9승0무1패,2승,6-0-0,3-0-1
2025.04.04,2,SSG,9,6,3,0,0.667,2.5,6승0무3패,2승,5-0-1,1-0-2
2025.04.04,3,삼성,11,7,4,0,0.636,2.5,6승0무4패,1승,4-0-2,3-0-2
2025.04.04,4,KT,11,5,5,1,0.500,4,5승1무4패,2패,4-0-3,1-1-2
2025.04.04,5,두산,11,5,6,0,0.455,4.5,5승0무5패,3승,3-0-2,2-0-4
2025.04.04,5,키움,11,5,6,0,0.455,4.5,5승0무5패,1승,3-0-1,2-0-5
2025.04.04,7,롯데,11,4,6,1,0.400,5,4승1무5패,1패,1-1-2,3-0-4
2025.04.04,8,NC,8,3,5,0,0.375,5,3승0무5패,3패,0-0-2,3-0-3
2025.04.04,9,KIA,11,4,7,0,0.364,5.5,3승0무7패,1패,3-0-4,1-0-3
2025.04.04,10,한화,11,3,8,0,0.273,6.5,2승0무8패,4패,2-0-3,1-0-5
2025.04.03,1,LG,9,8,1,0,0.889,0,8승0무1패,1승,5-0-0,3-0-1
2025.04.03,2,SSG,8,5,3,0,0.625,2.5,5승0무3패,1승,4-0-1,1-0-2
2025.04.03,3,삼성,10,6,4,0,0.600,2.5,6승0무4패,1패,3-0-2,3-0-2
2025.04.03,4,KT,10,5,4,1,0.556,3,5승1무4패,1패,4-0-3,1-1-1
2025.04.03,5,롯데,10,4,5,1,0.444,4,4승1무5패,3승,1-1-1,3-0-4
2025.04.03,6,NC,7,3,4,0,0.429,4,3승0무4패,2패,0-0-2,3-0-2
2025.04.03,7,KIA,10,4,6,0,0.400,4.5,4승0무6패,1승,3-0-4,1-0-2
2025.04.03,7,두산,10,4,6,0,0.400,4.5,4승0무6패,2승,3-0-2,1-0-4
2025.04.03,7,키움,10,4,6,0,0.400,4.5,4승0무6패,3패,2-0-1,2-0-5
2025.04.03,10,한화,10,3,7,0,0.300,5.5,3승0무7패,3패,2-0-3,1-0-4
2025.04.02,1,LG,8,7,1,0,0.875,0,7승0무1패,1패,5-0-0,2-0-1
2025.04.02,2,삼성,9,6,3,0,0.667,1.5,6승0무3패,3승,3-0-2,3-0-1
2025.04.02,3,KT,9,5,3,1,0.625,2,5승1무3패,1승,4-0-2,1-1-1
2025.04.02,3,SSG,8,5,3,0,0.625,2,5승0무3패,1승,4-0-1,1-0-2
2025.04.02,5,키움,9,4,5,0,0.444,3.5,4승0무5패,2패,2-0-1,2-0-4
2025.04.02,6,NC,7,3,4,0,0.429,3.5,3승0무4패,2패,0-0-2,3-0-2
2025.04.02,7,롯데,9,3,5,1,0.375,4,3승1무5패,2승,1-1-1,2-0-4
2025.04.02,8,KIA,9,3,6,0,0.333,4.5,3승0무6패,1패,2-0-4,1-0-2
2025.04.02,8,두산,9,3,6,0,0.333,4.5,3승0무6패,1승,2-0-2,1-0-4
2025.04.02,8,한화,9,3,6,0,0.333,4.5,3승0무6패,2패,2-0-2,1-0-4
2025.03.30,1,LG,7,7,0,0,1.000,0,7승0무0패,7승,5-0-0,2-0-0
2025.03.30,2,삼성,8,5,3,0,0.625,2.5,5승0무3패,2승,3-0-2,2-0-1
2025.03.30,2,SSG,8,5,3,0,0.625,2.5,5승0무3패,1승,4-0-1,1-0-2
2025.03.30,4,KT,8,4,3,1,0.571,3,4승1무3패,1패,3-0-2,1-1-1
2025.03.30,5,키움,8,4,4,0,0.500,3.5,4승0무4패,1패,2-0-1,2-0-3
2025.03.30,6,NC,7,3,4,0,0.429,4,3승0무4패,2패,0-0-2,3-0-2
2025.03.30,7,KIA,8,3,5,0,0.375,4.5,3승0무5패,1승,2-0-3,1-0-2
2025.03.30,7,한화,8,3,5,0,0.375,4.5,3승0무5패,1패,2-0-1,1-0-4
2025.03.30,9,롯데,8,2,5,1,0.286,5,2승1무5패,1승,1-1-1,1-0-4
2025.03.30,10,두산,8,2,6,0,0.250,5.5,2승0무6패,2패,1-0-2,1-0-4
2025.03.29,1,LG,7,7,0,0,1.000,0,7승0무0패,7승,5-0-0,2-0-0
2025.03.29,2,삼성,7,4,3,0,0.571,3,4승0무3패,1승,3-0-2,1-0-1
2025.03.29,2,KT,7,4,3,0,0.571,3,4승0무3패,1패,3-0-2,1-0-1
2025.03.29,2,SSG,7,4,3,0,0.571,3,4승0무3패,2패,4-0-1,0-0-2
2025.03.29,2,키움,7,4,3,0,0.571,3,4승0무3패,4승,2-0-0,2-0-3
2025.03.29,6,한화,7,3,4,0,0.429,4,3승0무4패,2승,2-0-0,1-0-4
2025.03.29,6,NC,7,3,4,0,0.429,4,3승0무4패,2패,0-0-2,3-0-2
2025.03.29,8,KIA,7,2,5,0,0.286,5,2승0무5패,4패,2-0-3,0-0-2
2025.03.29,8,두산,7,2,5,0,0.286,5,2승0무5패,1패,1-0-1,1-0-4
2025.03.29,8,롯데,7,2,5,0,0.286,5,2승0무5패,1승,1-0-1,1-0-4
2025.03.28,1,LG,6,6,0,0,1.000,0,6승0무0패,6승,5-0-0,1-0-0
2025.03.28,2,KT,6,4,2,0,0.667,2,4승0무2패,2승,3-0-2,1-0-0
2025.03.28,2,SSG,6,4,2,0,0.667,2,4승0무2패,1패,4-0-1,0-0-1
2025.03.28,4,삼성,6,3,3,0,0.500,3,3승0무3패,3패,3-0-2,0-0-1
2025.03.28,4,NC,6,3,3,0,0.500,3,3승0무3패,1패,0-0-1,3-0-2
2025.03.28,4,키움,6,3,3,0,0.500,3,3승0무3패,3승,1-0-0,2-0-3
2025.03.28,7,KIA,6,2,4,0,0.333,4,2승0무4패,3패,2-0-3,0-0-1
2025.03.28,7,두산,6,2,4,0,0.333,4,2승0무4패,1승,1-0-0,1-0-4
2025.03.28,7,한화,6,2,4,0,0.333,4,2승0무4패,1승,1-0-0,1-0-4
2025.03.28,10,롯데,6,1,5,0,0.167,5,1승0무5패,3패,0-0-1,1-0-4
2025.03.27,1,LG,5,5,0,0,1.000,0,5승0무0패,5승,5-0-0,0-0-0
2025.03.27,2,SSG,5,4,1,0,0.800,1,4승0무1패,2승,4-0-1,0-0-0
2025.03.27,3,삼성,5,3,2,0,0.600,2,3승0무2패,2패,3-0-2,0-0-0
2025.03.27,3,KT,5,3,2,0,0.600,2,3승0무2패,1승,3-0-2,0-0-0
2025.03.27,3,NC,5,3,2,0,0.600,2,3승0무2패,2승,0-0-0,3-0-2
2025.03.27,6,KIA,5,2,3,0,0.400,3,2승0무3패,2패,2-0-3,0-0-0
2025.03.27,6,키움,5,2,3,0,0.400,3,2승0무3패,2승,0-0-0,2-0-3
2025.03.27,8,두산,5,1,4,0,0.200,4,1승0무4패,1패,0-0-0,1-0-4
2025.03.27,8,롯데,5,1,4,0,0.200,4,1승0무4패,2패,0-0-0,1-0-4
2025.03.27,8,한화,5,1,4,0,0.200,4,1승0무4패,4패,0-0-0,1-0-4
2025.03.26,1,LG,4,4,0,0,1.000,0,4승0무0패,4승,4-0-0,0-0-0
2025.03.26,2,삼성,4,3,1,0,0.750,1,3승0무1패,1패,3-0-1,0-0-0
2025.03.26,2,SSG,4,3,1,0,0.750,1,3승0무1패,1승,3-0-1,0-0-0
2025.03.26,4,KIA,4,2,2,0,0.500,2,2승0무2패,1패,2-0-2,0-0-0
2025.03.26,4,KT,4,2,2,0,0.500,2,2승0무2패,1패,2-0-2,0-0-0
2025.03.26,4,NC,4,2,2,0,0.500,2,2승0무2패,1승,0-0-0,2-0-2
2025.03.26,7,두산,4,1,3,0,0.250,3,1승0무3패,1승,0-0-0,1-0-3
2025.03.26,7,롯데,4,1,3,0,0.250,3,1승0무3패,1패,0-0-0,1-0-3
2025.03.26,7,한화,4,1,3,0,0.250,3,1승0무3패,3패,0-0-0,1-0-3
2025.03.26,7,키움,4,1,3,0,0.250,3,1승0무3패,1승,0-0-0,1-0-3
2025.03.25,1,삼성,3,3,0,0,1.000,0,3승0무0패,3승,3-0-0,0-0-0
2025.03.25,1,LG,3,3,0,0,1.000,0,3승0무0패,3승,3-0-0,0-0-0
2025.03.25,3,KIA,3,2,1,0,0.667,1,2승0무1패,1승,2-0-1,0-0-0
2025.03.25,3,KT,3,2,1,0,0.667,1,2승0무1패,2승,2-0-1,0-0-0
2025.03.25,3,SSG,3,2,1,0,0.667,1,2승0무1패,1패,2-0-1,0-0-0
2025.03.25,6,롯데,3,1,2,0,0.333,2,1승0무2패,1승,0-0-0,1-0-2
2025.03.25,6,한화,3,1,2,0,0.333,2,1승0무2패,2패,0-0-0,1-0-2
2025.03.25,6,NC,3,1,2,0,0.333,2,1승0무2패,1패,0-0-0,1-0-2
2025.03.25,9,두산,3,0,3,0,0.000,3,0승0무3패,3패,0-0-0,0-0-3
2025.03.25,9,키움,3,0,3,0,0.000,3,0승0무3패,3패,0-0-0,0-0-3
2025.03.23,1,삼성,2,2,0,0,1.000,0,2승0무0패,2승,2-0-0,0-0-0
2025.03.23,1,LG,2,2,0,0,1.000,0,2승0무0패,2승,2-0-0,0-0-0
2025.03.23,1,SSG,2,2,0,0,1.000,0,2승0무0패,2승,2-0-0,0-0-0
2025.03.23,4,KIA,2,1,1,0,0.500,1,1승0무1패,1패,1-0-1,0-0-0
2025.03.23,4,KT,2,1,1,0,0.500,1,1승0무1패,1승,1-0-1,0-0-0
2025.03.23,4,한화,2,1,1,0,0.500,1,1승0무1패,1패,0-0-0,1-0-1
2025.03.23,4,NC,2,1,1,0,0.500,1,1승0무1패,1승,0-0-0,1-0-1
2025.03.23,8,두산,2,0,2,0,0.000,2,0승0무2패,2패,0-0-0,0-0-2
2025.03.23,8,롯데,2,0,2,0,0.000,2,0승0무2패,2패,0-0-0,0-0-2
2025.03.23,8,키움,2,0,2,0,0.000,2,0승0무2패,2패,0-0-0,0-0-2
2025.03.22,1,KIA,1,1,0,0,1.000,0,1승0무0패,1승,1-0-0,0-0-0
2025.03.22,1,삼성,1,1,0,0,1.000,0,1승0무0패,1승,1-0-0,0-0-0
2025.03.22,1,LG,1,1,0,0,1.000,0,1승0무0패,1승,1-0-0,0-0-0
2025.03.22,1,SSG,1,1,0,0,1.000,0,1승0무0패,1승,1-0-0,0-0-0
2025.03.22,1,한화,1,1,0,0,1.000,0,1승0무0패,1승,0-0-0,1-0-0
2025.03.22,6,두산,1,0,1,0,0.000,1,0승0무1패,1패,0-0-0,0-0-1
2025.03.22,6,KT,1,0,1,0,0.000,1,0승0무1패,1패,0-0-1,0-0-0
2025.03.22,6,롯데,1,0,1,0,0.000,1,0승0무1패,1패,0-0-0,0-0-1
2025.03.22,6,NC,1,0,1,0,0.000,1,0승0무1패,1패,0-0-0,0-0-1
2025.03.22,6,키움,1,0,1,0,0.000,1,0승0무1패,1패,0-0-0,0-0-1
2024.10.01,1,KIA,144,87,55,2,0.613,0,5승0무5패,2승,42-1-30,45-1-25
2024.10.01,2,삼성,144,78,64,2,0.549,9,3승0무7패,1패,41-0-32,37-2-32
2024.10.01,3,LG,144,76,66,2,0.535,11,7승0무3패,2승,39-1-33,37-1-33
2024.10.01,4,두산,144,74,68,2,0.521,13,8승0무2패,4승,39-1-31,35-1-37
2024.10.01,5,KT,144,72,70,2,0.507,15,5승0무5패,3승,34-1-36,38-1-34
2024.10.01,6,SSG,144,72,70,2,0.507,15,8승0무2패,4승,35-1-35,37-1-35
2024.10.01,7,롯데,144,66,74,4,0.471,20,4승0무6패,1승,37-3-31,29-1-43
2024.10.01,8,한화,144,66,76,2,0.465,21,5승0무5패,2패,30-2-39,36-0-37
2024.10.01,9,NC,144,61,81,2,0.430,26,2승0무8패,2패,34-0-39,27-2-42
2024.10.01,10,키움,144,58,86,0,0.403,30,1승0무9패,5패,32-0-41,26-0-45
